name,gene,HBR_1,HBR_2,HBR_3,UHR_1,UHR_2,UHR_3
ENSG00000277248.1,U2,0,0,0,0,0,0
ENSG00000274237.1,ENSG00000274237,0,0,0,0,0,0
ENSG00000280363.1,ENSG00000280363,0,0,0,0,0,0
ENSG00000279973.1,ENSG00000279973,0,0,0,0,0,0
ENSG00000226444.2,ACTR3BP7,0,0,0,0,0,0
ENSG00000276871.1,5_8S_rRNA,0,0,0,0,0,0
ENSG00000277683.1,ENSG00000277683,0,0,0,0,0,0
ENSG00000277821.1,ENSG00000277821,0,0,0,0,0,0
ENSG00000273663.1,ENSG00000273663,0,0,0,0,0,0
ENSG00000278534.1,ENSG00000278534,0,0,0,0,0,0
ENSG00000278398.1,ENSG00000278398,0,0,0,0,0,0
ENSG00000274416.1,ENSG00000274416,0,0,0,0,0,0
ENSG00000278297.1,ENSG00000278297,0,0,0,0,0,0
ENSG00000277861.1,ENSG00000277861,0,0,0,0,0,0
ENSG00000274773.1,ENSG00000274773,0,0,0,0,0,0
ENSG00000277372.1,ENSG00000277372,0,0,0,0,0,0
ENSG00000275065.1,ENSG00000275065,0,0,0,0,0,0
ENSG00000276138.1,U6,0,0,0,0,0,0
ENSG00000280341.1,ENSG00000280341,0,0,0,3,2,0
ENSG00000236235.1,ENSG00000236235,0,0,0,0,0,0
ENSG00000279442.1,ENSG00000279442,0,0,0,0,4,1
ENSG00000184624.4,ZNF72BP,0,0,0,0,1,0
ENSG00000236097.1,BNIP3P2,0,0,0,0,2,0
ENSG00000236831.1,YME1L1P1,0,0,0,0,0,0
ENSG00000130538.4,OR11H1,0,0,0,0,0,0
ENSG00000237299.1,ENSG00000237299,0,0,0,0,3,0
ENSG00000235759.1,ARHGAP42P3,0,0,0,0,2,0
ENSG00000233408.1,ENSG00000233408,0,0,0,0,1,0
ENSG00000215268.3,USP10P3,0,0,0,0,2,0
ENSG00000213727.3,SSBP3P3,0,0,0,0,0,0
ENSG00000230643.1,ENSG00000230643,0,0,0,0,0,0
ENSG00000230471.1,ENSG00000230471,0,0,0,0,3,0
ENSG00000231565.1,NEK2P2,0,0,0,0,1,1
ENSG00000226474.1,ENSG00000226474,0,0,0,0,0,0
ENSG00000224435.2,NF1P6,0,0,0,1,3,1
ENSG00000234381.1,MED15P7,0,0,0,0,1,0
ENSG00000198062.14,POTEH,0,0,1,7,8,11
ENSG00000236666.1,POTEH-AS1,0,0,0,0,2,0
ENSG00000212216.1,RNU6-816P,0,0,0,0,0,0
ENSG00000241838.3,ENSG00000241838,0,0,0,2,1,2
ENSG00000225255.6,PSLNR,0,0,0,2,1,0
ENSG00000235992.1,GRAMD4P2,0,0,0,0,1,0
ENSG00000206195.10,DUXAP8,10,4,7,184,156,168
ENSG00000271127.1,ENSG00000271127,0,1,0,16,9,19
ENSG00000232775.6,BMS1P22,0,1,3,21,21,22
ENSG00000272872.1,ENSG00000272872,3,2,0,96,36,49
ENSG00000271672.1,DUXAP8,0,0,0,0,0,0
ENSG00000223875.2,NBEAP3,0,0,0,4,3,0
ENSG00000215270.3,TOMM40P2,0,0,0,11,6,6
ENSG00000229286.1,ENSG00000229286,0,0,0,0,0,0
ENSG00000233866.1,ENSG00000233866,0,0,0,0,2,0
ENSG00000278188.1,U6,0,0,0,0,0,0
ENSG00000278335.1,ENSG00000278335,0,0,0,0,0,0
ENSG00000225293.1,ABCD1P4,0,0,0,0,2,0
ENSG00000226160.1,ENSG00000226160,0,0,0,0,0,0
ENSG00000229658.1,PABPC1P9,0,0,0,0,1,0
ENSG00000227367.1,SLC9B1P4,0,0,0,0,1,0
ENSG00000280263.1,ACTR3BP6,0,0,0,0,0,0
ENSG00000235969.1,CHEK2P4,0,0,0,0,0,0
ENSG00000273362.1,ENSG00000273362,0,0,0,0,0,0
ENSG00000233995.1,ENSG00000233995,0,0,0,0,0,0
ENSG00000239435.2,KCNMB3P1,0,0,0,2,1,1
ENSG00000198445.4,CCT8L2,0,0,0,1,2,0
ENSG00000240122.1,FABP5P11,0,0,0,0,0,0
ENSG00000221084.1,ENSG00000221084,0,0,0,0,1,0
ENSG00000100181.21,TPTEP1,20,22,19,140,92,117
ENSG00000267338.1,ENSG00000267338,0,0,1,2,4,2
ENSG00000249288.1,SLC25A15P5,0,0,0,2,2,4
ENSG00000249263.2,PARP4P3,0,0,0,0,1,0
ENSG00000189295.13,ANKRD62P1-PARP4P3,0,1,0,2,1,0
ENSG00000259271.1,ANKRD62P1,0,0,0,2,0,1
ENSG00000273244.1,ENSG00000273244,0,0,0,0,0,0
ENSG00000241717.1,VWFP1,2,1,3,1,2,0
ENSG00000235343.1,LINC01665,0,0,0,1,0,0
ENSG00000172967.7,XKR3,0,0,0,2,4,7
ENSG00000229027.3,HSFY1P1,0,0,0,0,0,0
ENSG00000234121.1,GPM6BP3,0,0,0,0,0,0
ENSG00000237835.1,ENSG00000237835,0,0,0,0,0,0
ENSG00000220248.1,ZNF402P,0,0,0,1,1,0
ENSG00000237689.1,ENSG00000237689,0,3,2,1,0,1
ENSG00000228122.1,MTND1P17,0,0,0,0,0,0
ENSG00000237358.1,ENSG00000237358,0,0,0,0,0,0
ENSG00000225480.1,ENSG00000225480,0,0,0,0,0,0
ENSG00000230481.2,IGKV1OR22-5,0,0,0,0,0,0
ENSG00000253691.2,IGKV2OR22-4,0,0,0,0,0,0
ENSG00000253460.2,IGKV2OR22-3,0,0,0,0,0,0
ENSG00000254264.2,IGKV3OR22-2,0,0,0,0,1,0
ENSG00000253481.2,IGKV1OR22-1,0,0,0,0,0,0
ENSG00000280156.1,ENSG00000280156,1,1,1,4,40,4
ENSG00000215568.7,GAB4,0,0,0,0,0,0
ENSG00000270226.1,IL9RP6,0,0,0,0,0,0
ENSG00000276400.1,VN1R9P,0,0,0,0,0,0
ENSG00000237438.6,CECR7,22,24,29,28,27,22
ENSG00000273203.1,ENSG00000273203,7,6,4,3,3,4
ENSG00000273442.1,ENSG00000273442,0,2,2,0,3,2
ENSG00000177663.13,IL17RA,58,65,58,93,71,82
ENSG00000235328.1,RPL31P62,0,1,1,1,1,1
ENSG00000183307.3,TMEM121B,26,45,31,9,6,4
ENSG00000235478.4,LINC01664,3,3,1,0,2,0
ENSG00000069998.12,HDHD5,30,44,33,127,81,139
ENSG00000185837.3,HDHD5-AS1,0,1,2,1,1,1
ENSG00000093072.15,ADA2,30,28,32,39,34,22
ENSG00000236325.1,RPL32P5,0,0,0,1,0,0
ENSG00000203416.3,FAM32BP,0,1,0,0,0,0
ENSG00000241832.1,CECR3,1,0,1,0,1,0
ENSG00000231004.2,CECR9,0,0,0,0,0,0
ENSG00000239547.3,RN7SL843P,0,0,0,0,0,0
ENSG00000099954.18,CECR2,113,87,118,118,81,98
ENSG00000229492.1,TERF2IPP1,0,4,1,0,1,1
ENSG00000232305.1,CLCP1,1,2,0,0,0,0
ENSG00000228045.1,DNAJA1P6,0,0,0,0,0,0
ENSG00000182902.13,SLC25A18,92,108,70,6,8,6
ENSG00000236754.5,ENSG00000236754,1,1,1,1,2,3
ENSG00000131100.12,ATP6V1E1,394,458,399,248,182,206
ENSG00000099968.17,BCL2L13,209,280,263,241,163,200
ENSG00000015475.18,BID,70,85,84,112,74,111
ENSG00000264757.1,MIR3198-1,0,0,0,0,0,1
ENSG00000269220.1,LINC00528,1,0,0,1,2,4
ENSG00000243156.7,MICAL3,324,421,414,205,136,188
ENSG00000093100.13,ENSG00000093100,5,5,8,1,2,1
ENSG00000207780.1,MIR648,0,0,3,0,0,0
ENSG00000235445.1,ENSG00000235445,2,5,2,2,1,1
ENSG00000234913.1,ENSG00000234913,2,9,4,1,2,3
ENSG00000237446.1,RHEBP3,1,1,3,0,0,1
ENSG00000235295.1,LINC01634,0,0,0,0,2,0
ENSG00000225335.3,ENSG00000225335,3,5,4,2,3,5
ENSG00000215193.12,PEX26,134,169,135,202,135,180
ENSG00000236890.2,ENSG00000236890,0,0,1,2,0,0
ENSG00000235617.1,ENSG00000235617,0,0,0,0,0,0
ENSG00000225225.1,ARL2BPP10,0,0,0,0,0,0
ENSG00000183785.14,TUBA8,12,13,15,2,2,1
ENSG00000280007.1,ENSG00000280007,52,68,52,14,14,8
ENSG00000184979.9,USP18,3,6,2,24,10,16
ENSG00000187979.4,FAM230D,0,0,0,0,0,0
ENSG00000276160.1,GGTLC5P,0,0,0,0,0,0
ENSG00000274044.4,FAM230J,0,0,0,0,0,0
ENSG00000276874.1,ENSG00000276874,0,0,0,0,0,0
ENSG00000275060.1,PPP1R26P3,0,0,0,0,0,0
ENSG00000277017.1,ENSG00000277017,0,0,0,0,0,0
ENSG00000277870.4,FAM230A,0,0,0,0,0,0
ENSG00000278044.1,FAM247B,0,0,0,0,0,0
ENSG00000274252.1,GGTLC3,0,0,0,0,0,0
ENSG00000275319.1,Metazoa_SRP,0,0,0,0,0,0
ENSG00000277690.2,ENSG00000277690,0,0,0,0,0,0
ENSG00000278558.4,TMEM191B,0,2,3,0,0,1
ENSG00000274602.4,PI4KAP1,13,8,13,39,16,30
ENSG00000280694.1,ENSG00000280694,0,0,0,0,0,0
ENSG00000274625.1,ENSG00000274625,0,0,0,0,0,0
ENSG00000222630.2,RN7SKP131,0,0,0,0,0,0
ENSG00000275793.1,RIMBP3,1,1,0,2,2,5
ENSG00000275362.1,Metazoa_SRP,0,0,0,0,0,0
ENSG00000278110.1,SUSD2P2,0,0,0,0,0,0
ENSG00000273907.1,CA15P2,0,0,0,0,0,0
ENSG00000273643.1,PPP1R26P2,0,0,0,0,0,0
ENSG00000278008.1,PPP1R26P4,0,0,0,0,0,0
ENSG00000182824.7,FAM230E,0,0,0,0,1,0
ENSG00000197421.9,GGT3P,0,0,0,0,0,1
ENSG00000239989.1,ENSG00000239989,0,0,0,0,0,0
ENSG00000234764.2,E2F6P1,0,0,0,0,0,0
ENSG00000161103.11,POM121L15P,0,0,1,0,1,1
ENSG00000215544.6,BCRP7,0,0,0,0,0,0
ENSG00000276095.2,FAM230F,0,0,0,0,0,0
ENSG00000279987.1,ENSG00000279987,0,0,0,0,0,0
ENSG00000183628.12,DGCR6,56,69,60,20,12,17
ENSG00000100033.16,PRODH,97,119,118,40,29,35
ENSG00000279560.1,ENSG00000279560,0,0,0,2,1,3
ENSG00000280418.1,ENSG00000280418,1,1,0,0,3,0
ENSG00000237517.8,CELSR1P1,191,228,196,8,9,7
ENSG00000271275.1,ENSG00000271275,10,6,8,1,0,0
ENSG00000273032.1,DGCR5,25,30,26,5,2,4
ENSG00000270393.1,ENSG00000270393,0,0,0,0,0,0
ENSG00000273164.1,ENSG00000273164,9,5,9,0,0,0
ENSG00000241527.1,CA15P1,3,3,5,1,1,1
ENSG00000070413.18,DGCR2,304,354,313,304,176,273
ENSG00000206739.1,Y_RNA,1,0,0,0,1,2
ENSG00000273311.1,DGCR11,4,9,13,16,6,15
ENSG00000237347.2,RPL28P6,1,0,0,0,1,0
ENSG00000281530.1,ENSG00000281530,2,0,7,2,2,4
ENSG00000223461.1,ENSG00000223461,5,2,5,2,2,5
ENSG00000272682.1,ENSG00000272682,0,1,0,0,2,0
ENSG00000231086.1,TSSK1A,0,0,0,0,1,1
ENSG00000100056.11,ESS2,43,50,37,76,38,63
ENSG00000206203.4,TSSK2,0,0,0,0,0,0
ENSG00000063515.2,GSC2,0,0,0,0,0,0
ENSG00000260924.2,LINC01311,3,1,3,10,8,11
ENSG00000100075.9,SLC25A1,33,50,40,225,139,218
ENSG00000070371.15,CLTCL1,31,40,36,97,66,76
ENSG00000230194.1,RPL34P35,0,0,1,0,1,0
ENSG00000251940.1,ENSG00000251940,0,0,0,0,1,0
ENSG00000233471.2,KRT18P62,1,0,0,1,0,1
ENSG00000100084.14,HIRA,20,15,10,57,27,37
ENSG00000242259.8,C22orf39,62,74,75,98,88,90
ENSG00000244296.3,RN7SL168P,0,0,0,4,2,1
ENSG00000185608.8,MRPL40,29,35,31,112,68,91
ENSG00000185065.6,UFD1-AS1,4,4,1,6,8,5
ENSG00000070010.18,UFD1,39,57,47,230,146,159
ENSG00000273300.1,ENSG00000273300,0,0,0,0,0,0
ENSG00000273212.1,ENSG00000273212,0,0,0,0,1,3
ENSG00000093009.9,CDC45,1,1,0,221,151,173
ENSG00000184113.9,CLDN5,60,86,57,2,2,0
ENSG00000281548.1,LINC00895,0,0,0,0,0,0
ENSG00000230485.1,ENSG00000230485,0,0,0,0,1,0
ENSG00000225007.1,ENSG00000225007,0,0,0,0,0,0
ENSG00000184702.17,SEPTIN5,455,606,521,133,93,107
ENSG00000203618.5,GP1BB,0,0,0,0,0,0
ENSG00000184058.12,TBX1,1,0,2,7,9,6
ENSG00000185838.13,GNB1L,14,17,8,38,37,31
ENSG00000235776.2,RPL7AP70,1,0,0,2,1,1
ENSG00000215012.8,RTL10,83,123,95,209,149,168
ENSG00000184470.19,TXNRD2,50,51,40,85,63,70
ENSG00000232926.1,RPL8P5,2,8,2,7,3,4
ENSG00000093010.11,COMT,92,106,82,188,105,154
ENSG00000265087.1,ENSG00000265087,0,0,1,0,0,0
ENSG00000099889.13,ARVCF,131,151,129,78,30,48
ENSG00000183597.15,TANGO2,26,41,30,55,41,35
ENSG00000208023.2,MIR185,0,0,0,0,0,0
ENSG00000236540.7,ENSG00000236540,7,17,11,12,9,15
ENSG00000268292.1,ENSG00000268292,0,0,0,0,0,0
ENSG00000277950.1,Metazoa_SRP,0,0,1,0,1,0
ENSG00000128191.13,DGCR8,77,90,64,218,154,192
ENSG00000266567.1,ENSG00000266567,0,0,0,0,0,0
ENSG00000221366.2,ENSG00000221366,0,0,0,0,0,0
ENSG00000243762.1,ENSG00000243762,0,0,0,0,0,0
ENSG00000099899.14,TRMT2A,39,60,48,156,82,122
ENSG00000278278.1,MIR6816,0,0,0,0,0,0
ENSG00000099901.16,RANBP1,52,72,69,592,406,480
ENSG00000264346.1,SNORA77B,0,0,0,0,0,0
ENSG00000099904.15,ZDHHC8,93,94,92,113,84,82
ENSG00000234409.6,CCDC188,3,5,3,3,3,2
ENSG00000249923.1,LINC02891,0,1,3,0,0,0
ENSG00000236499.2,LINC00896,0,3,0,6,4,7
ENSG00000040608.13,RTN4R,74,93,83,18,11,11
ENSG00000221039.2,MIR1286,0,3,0,0,0,0
ENSG00000161132.6,PRODHLP,1,0,0,1,3,0
ENSG00000128185.9,DGCR6L,38,36,32,75,32,60
ENSG00000273343.1,ENSG00000273343,2,2,4,2,1,3
ENSG00000273139.1,ENSG00000273139,3,3,3,2,0,2
ENSG00000188280.11,FAM230G,0,0,0,0,3,0
ENSG00000235578.1,ENSG00000235578,0,0,0,1,0,0
ENSG00000161133.16,USP41P,0,0,0,0,1,0
ENSG00000185252.17,ZNF74,38,40,42,110,78,90
ENSG00000207343.1,RNU6-225P,0,0,0,0,0,0
ENSG00000244486.7,SCARF2,11,7,2,32,22,34
ENSG00000277971.1,ENSG00000277971,0,0,0,0,0,0
ENSG00000099910.16,KLHL22,58,78,77,74,50,56
ENSG00000215493.3,KLHL12P1,4,8,13,9,5,3
ENSG00000255156.1,RNY1P9,0,0,0,0,0,0
ENSG00000201916.1,Y_RNA,0,0,0,1,0,0
ENSG00000242876.3,RN7SL812P,0,0,3,1,0,2
ENSG00000236670.1,KRT18P5,4,3,1,2,2,7
ENSG00000265300.1,ENSG00000265300,0,0,0,0,0,0
ENSG00000099917.17,MED15,91,104,85,241,148,200
ENSG00000236003.1,ENSG00000236003,0,0,0,2,2,0
ENSG00000250261.1,CCDC74BP1,0,0,0,0,0,0
ENSG00000223553.5,SMPD4P1,2,3,2,1,3,1
ENSG00000276427.1,IGLL4P,0,0,0,0,1,0
ENSG00000238125.1,SLC9A3P2,0,0,0,0,0,2
ENSG00000264718.1,ENSG00000264718,0,0,0,0,0,0
ENSG00000229107.2,ABHD17AP4,0,1,3,0,2,3
ENSG00000217261.4,POM121L4P,0,0,0,0,0,0
ENSG00000235062.4,BCRP5,0,0,0,0,0,0
ENSG00000226287.7,TMEM191A,4,4,3,0,3,2
ENSG00000241973.10,PI4KA,1041,1143,1032,408,317,369
ENSG00000099937.10,SERPIND1,11,11,8,158,109,124
ENSG00000099940.11,SNAP29,32,47,43,112,81,75
ENSG00000272600.1,ENSG00000272600,0,0,0,0,0,0
ENSG00000099942.12,CRKL,341,423,366,756,481,612
ENSG00000237476.1,LINC01637,5,2,4,1,5,0
ENSG00000183773.15,AIFM3,80,83,99,7,12,10
ENSG00000099949.18,LZTR1,138,178,126,296,188,225
ENSG00000272829.1,ENSG00000272829,4,5,1,1,2,1
ENSG00000184436.11,THAP7,36,56,39,94,77,85
ENSG00000230513.1,THAP7-AS1,3,6,5,5,2,3
ENSG00000161149.11,ENSG00000161149,2,1,1,5,4,5
ENSG00000099957.16,P2RX6,33,32,29,23,18,27
ENSG00000099960.12,SLC7A4,19,25,13,8,3,3
ENSG00000226872.1,ENSG00000226872,0,0,1,0,0,0
ENSG00000207575.1,MIR649,0,0,0,0,0,0
ENSG00000206145.8,P2RX6P,3,2,2,0,1,2
ENSG00000187905.10,LRRC74B,0,3,2,0,0,0
ENSG00000249680.1,TUBA3GP,0,0,0,0,0,0
ENSG00000169668.11,BCRP2,0,0,0,0,1,0
ENSG00000197210.7,ENSG00000197210,0,0,0,0,0,0
ENSG00000239511.2,POM121L7P,1,0,0,0,0,0
ENSG00000224688.1,E2F6P2,0,1,0,0,0,0
ENSG00000215498.8,FAM230B,0,0,0,0,0,0
ENSG00000234503.1,ENSG00000234503,0,0,0,0,0,0
ENSG00000133475.16,GGT2P,0,0,1,1,2,1
ENSG00000226885.1,E2F6P3,0,0,0,0,0,0
ENSG00000229266.1,POM121L8P,0,0,0,0,0,0
ENSG00000169662.8,BCRP6,0,0,0,0,0,0
ENSG00000206142.9,FAM230H,0,0,0,0,0,0
ENSG00000237407.1,ENSG00000237407,0,0,0,0,0,0
ENSG00000232771.2,PPP1R26P5,0,0,0,0,1,0
ENSG00000279920.1,LINC01651,0,0,0,0,0,0
ENSG00000226534.1,SUSD2P1,0,0,0,0,0,0
ENSG00000273846.1,Metazoa_SRP,0,0,0,0,0,0
ENSG00000274600.1,RIMBP3B,0,1,0,0,2,1
ENSG00000200057.1,RN7SKP63,0,0,0,0,0,0
ENSG00000252020.1,ENSG00000252020,0,0,0,0,0,0
ENSG00000275840.1,Metazoa_SRP,0,0,0,0,0,0
ENSG00000169635.9,HIC2,27,25,28,208,106,139
ENSG00000276800.1,Metazoa_SRP,0,0,0,0,0,0
ENSG00000206140.9,TMEM191C,1,1,2,0,5,2
ENSG00000183506.16,PI4KAP2,13,19,14,59,34,28
ENSG00000281629.1,ENSG00000281629,0,0,0,0,0,0
ENSG00000252143.1,ENSG00000252143,0,0,0,0,0,0
ENSG00000222352.1,RN7SKP221,0,0,0,0,0,0
ENSG00000183246.6,RIMBP3C,0,0,0,0,1,0
ENSG00000185651.14,UBE2L3,207,240,197,472,310,347
ENSG00000275293.1,Metazoa_SRP,0,0,0,0,0,0
ENSG00000161179.13,YDJC,18,28,24,153,83,125
ENSG00000161180.10,CCDC116,2,0,1,5,3,2
ENSG00000273342.1,ENSG00000273342,0,0,0,2,1,1
ENSG00000128228.4,SDF2L1,5,14,3,50,33,43
ENSG00000100023.17,PPIL2,55,63,59,231,141,203
ENSG00000212102.1,MIR301B,0,0,0,0,0,0
ENSG00000207751.1,ENSG00000207751,0,0,0,0,0,0
ENSG00000272954.1,ENSG00000272954,0,0,0,4,5,1
ENSG00000100027.14,YPEL1,25,43,28,17,9,8
ENSG00000244671.3,RN7SL280P,0,0,1,1,1,0
ENSG00000100030.14,MAPK1,739,950,900,834,501,663
ENSG00000200985.1,RNA5SP493,0,0,0,1,4,0
ENSG00000225544.1,MPPE1P2,0,1,1,1,0,1
ENSG00000100034.13,PPM1F,80,103,110,214,140,168
ENSG00000224086.5,PPM1F-AS1,25,49,27,67,69,64
ENSG00000100038.19,TOP3B,1,0,1,10,6,7
ENSG00000197549.9,PRAMENP,0,0,0,0,0,0
ENSG00000253239.1,IGLVI-70,0,0,0,0,0,0
ENSG00000211637.2,IGLV4-69,0,0,0,0,0,0
ENSG00000254355.1,IGLVI-68,0,0,0,0,0,0
ENSG00000278657.1,ENSG00000278657,0,0,0,0,1,0
ENSG00000249333.1,ENSG00000249333,0,0,0,0,1,0
ENSG00000253794.1,IGLV10-67,0,0,0,0,0,0
ENSG00000228161.1,ENSG00000228161,0,0,0,0,0,0
ENSG00000253874.1,IGLVIV-66-1,0,0,0,0,0,0
ENSG00000254075.1,IGLVV-66,0,0,0,0,0,0
ENSG00000254161.1,IGLVIV-65,0,0,0,0,0,0
ENSG00000253242.1,IGLVIV-64,0,0,0,0,0,0
ENSG00000253752.1,IGLVI-63,0,0,0,0,1,0
ENSG00000253823.1,IGLV1-62,0,0,0,0,2,0
ENSG00000275361.1,ENSG00000275361,0,0,0,0,0,0
ENSG00000211638.2,IGLV8-61,0,0,0,0,0,0
ENSG00000225741.1,ENSG00000225741,0,0,0,0,0,0
ENSG00000263366.2,ABHD17AP5,0,0,0,0,0,0
ENSG00000236118.1,ENSG00000236118,0,0,0,0,0,0
ENSG00000233720.1,ENSG00000233720,0,0,0,0,0,0
ENSG00000211639.2,IGLV4-60,0,0,0,0,0,0
ENSG00000227710.1,ENSG00000227710,0,0,0,0,0,0
ENSG00000224465.1,SOCS2P2,0,0,0,0,1,0
ENSG00000254308.1,IGLVIV-59,0,0,0,0,0,0
ENSG00000253637.1,IGLVV-58,0,0,0,0,0,0
ENSG00000236323.1,BMP6P1,0,0,0,0,0,0
ENSG00000211640.3,IGLV6-57,0,0,0,1,0,0
ENSG00000253126.1,IGLVI-56,0,0,0,0,0,0
ENSG00000211641.2,IGLV11-55,0,0,0,0,0,0
ENSG00000211642.2,IGLV10-54,0,0,0,0,0,0
ENSG00000253935.1,IGLVIV-53,0,0,0,0,0,0
ENSG00000228050.1,TOP3BP1,0,0,0,1,0,2
ENSG00000234726.1,ENSG00000234726,0,0,0,0,1,0
ENSG00000169575.4,VPREB1,0,0,0,1,0,1
ENSG00000279278.1,ENSG00000279278,12,11,18,15,13,11
ENSG00000274422.1,ENSG00000274422,2,0,0,3,3,0
ENSG00000234630.1,ENSG00000234630,0,0,0,0,0,0
ENSG00000272779.1,BMS1P20,7,8,3,7,3,11
ENSG00000236850.4,ENSG00000236850,3,1,4,5,1,1
ENSG00000211643.2,IGLV5-52,0,2,2,0,0,0
ENSG00000211644.2,IGLV1-51,1,1,1,0,1,0
ENSG00000211645.2,IGLV1-50,1,3,0,0,0,0
ENSG00000225724.1,ASH2LP3,0,0,0,0,1,0
ENSG00000223350.2,IGLV9-49,0,0,0,0,0,0
ENSG00000232515.1,ENSG00000232515,0,0,0,0,0,0
ENSG00000211647.1,IGLV5-48,0,0,0,0,0,0
ENSG00000211648.2,IGLV1-47,0,0,0,0,0,0
ENSG00000237428.1,ASH2LP2,0,0,0,0,1,0
ENSG00000211649.3,IGLV7-46,0,0,0,0,0,0
ENSG00000232603.1,ENSG00000232603,0,0,0,0,0,0
ENSG00000211650.2,IGLV5-45,0,0,0,0,0,0
ENSG00000211651.3,IGLV1-44,0,0,0,0,0,0
ENSG00000211652.2,IGLV7-43,0,0,0,0,0,0
ENSG00000254175.1,IGLVI-42,0,0,0,0,0,0
ENSG00000254073.1,IGLVVII-41-1,0,0,0,0,0,0
ENSG00000253818.1,IGLV1-41,0,0,0,0,0,0
ENSG00000211653.2,IGLV1-40,0,0,0,0,1,0
ENSG00000224144.1,ASH2LP1,0,0,0,0,0,0
ENSG00000253889.1,IGLVI-38,0,0,0,0,1,0
ENSG00000211654.2,IGLV5-37,0,0,0,0,0,0
ENSG00000211655.3,IGLV1-36,0,0,0,0,1,0
ENSG00000230821.1,ASH2LP4,0,1,0,0,1,0
ENSG00000253631.1,IGLV7-35,0,0,0,0,0,0
ENSG00000226595.1,ENSG00000226595,0,0,1,0,1,0
ENSG00000275004.3,ZNF280B,27,37,38,65,53,42
ENSG00000169548.3,ZNF280A,0,0,0,11,11,13
ENSG00000185686.17,PRAME,0,0,0,815,467,600
ENSG00000220891.1,LL22NC03-63E9.3,0,0,0,1,1,0
ENSG00000253120.1,IGLV2-34,0,0,0,0,0,0
ENSG00000211656.3,IGLV2-33,0,0,0,0,0,0
ENSG00000211657.3,IGLV3-32,0,0,0,0,0,0
ENSG00000253920.1,IGLV3-31,0,0,0,0,1,0
ENSG00000253329.1,IGLV3-30,0,0,0,0,0,0
ENSG00000215456.5,BCRP4,0,0,0,0,0,0
ENSG00000183169.6,POM121L1P,0,0,0,0,0,0
ENSG00000100121.12,GGTLC2,0,0,0,0,1,0
ENSG00000253338.1,IGLV3-29,0,0,0,0,1,0
ENSG00000207834.1,ENSG00000207834,0,0,0,0,0,0
ENSG00000253451.1,IGLV2-28,0,0,0,6,1,3
ENSG00000211658.2,IGLV3-27,0,0,0,2,0,0
ENSG00000253913.1,IGLV3-26,0,0,0,0,0,0
ENSG00000253779.1,IGLVVI-25-1,0,0,0,0,0,0
ENSG00000211659.2,IGLV3-25,0,0,0,0,2,0
ENSG00000232350.1,ENSG00000232350,0,0,0,0,0,0
ENSG00000223999.1,ENSG00000223999,0,0,0,0,0,0
ENSG00000253822.1,IGLV3-24,0,0,0,0,0,0
ENSG00000211660.3,IGLV2-23,0,0,0,0,0,0
ENSG00000207830.1,ENSG00000207830,0,0,0,0,0,0
ENSG00000253546.1,IGLVVI-22-1,0,0,0,0,0,0
ENSG00000211661.2,IGLV3-22,0,0,0,0,0,0
ENSG00000211662.2,IGLV3-21,0,0,0,0,0,0
ENSG00000254240.1,IGLVI-20,0,0,0,0,0,0
ENSG00000211663.2,IGLV3-19,0,0,0,0,1,0
ENSG00000278667.1,ENSG00000278667,0,0,0,0,0,0
ENSG00000264629.1,ENSG00000264629,0,0,0,0,0,0
ENSG00000211664.2,IGLV2-18,0,0,0,0,0,0
ENSG00000254709.6,IGLL5,0,0,0,1,0,0
ENSG00000253152.1,IGLV3-17,0,0,0,0,0,0
ENSG00000211665.2,IGLV3-16,0,0,0,0,0,0
ENSG00000253786.1,IGLV3-15,0,0,0,0,0,0
ENSG00000207835.1,ENSG00000207835,0,0,0,0,0,0
ENSG00000211666.2,IGLV2-14,0,0,0,22,12,13
ENSG00000253590.1,IGLV3-13,0,0,0,0,0,0
ENSG00000211667.2,IGLV3-12,0,0,0,0,0,0
ENSG00000231392.1,ENSG00000231392,0,0,0,0,0,0
ENSG00000275772.1,ENSG00000275772,0,0,0,0,0,0
ENSG00000207833.1,ENSG00000207833,0,0,0,0,0,0
ENSG00000211668.2,IGLV2-11,0,0,0,0,0,0
ENSG00000274381.1,ENSG00000274381,0,0,0,0,0,0
ENSG00000211669.2,IGLV3-10,0,0,0,0,0,0
ENSG00000226477.1,ENSG00000226477,0,0,0,0,0,0
ENSG00000211670.2,IGLV3-9,0,0,0,0,1,0
ENSG00000278196.1,IGLV2-8,0,0,0,0,1,0
ENSG00000207836.1,ENSG00000207836,0,0,0,0,0,0
ENSG00000237127.1,ENSG00000237127,0,0,0,0,1,0
ENSG00000254077.1,IGLV3-7,0,0,0,0,0,0
ENSG00000253448.1,IGLV3-6,0,0,0,0,0,0
ENSG00000207832.1,ENSG00000207832,0,0,0,0,0,0
ENSG00000253234.1,IGLV2-5,0,0,0,0,0,0
ENSG00000226420.1,IGLV3-4,0,0,0,0,0,0
ENSG00000211672.2,IGLV4-3,0,0,0,0,0,0
ENSG00000253963.1,IGLV3-2,0,0,0,0,0,0
ENSG00000211673.2,IGLV3-1,0,0,0,0,0,0
ENSG00000264824.1,MIR5571,0,0,0,0,1,0
ENSG00000211674.2,IGLJ1,0,0,0,0,0,0
ENSG00000211675.2,IGLC1,0,0,0,0,0,0
ENSG00000211676.2,IGLJ2,0,0,0,0,0,0
ENSG00000211677.2,IGLC2,0,0,0,1088,623,787
ENSG00000211678.2,IGLJ3,0,0,0,0,0,0
ENSG00000211679.2,IGLC3,0,0,0,806,491,622
ENSG00000211680.2,IGLJ4,0,0,0,0,0,0
ENSG00000254029.1,IGLC4,0,0,0,0,0,0
ENSG00000211681.2,IGLJ5,0,0,0,0,1,0
ENSG00000254030.1,IGLC5,0,0,0,0,0,0
ENSG00000211682.2,IGLJ6,0,0,0,0,0,0
ENSG00000222037.5,IGLC6,0,0,0,0,0,1
ENSG00000211684.2,IGLJ7,0,0,0,0,0,0
ENSG00000211685.3,IGLC7,0,0,0,8,3,6
ENSG00000237472.1,ATP5PFP2,0,0,0,0,0,0
ENSG00000223679.1,ENSG00000223679,0,0,0,1,0,0
ENSG00000100218.11,RSPH14,4,7,6,0,0,0
ENSG00000128266.8,GNAZ,218,246,214,31,17,26
ENSG00000221069.1,ENSG00000221069,0,0,0,0,0,0
ENSG00000275635.1,U7,0,0,0,0,0,0
ENSG00000100228.12,RAB36,29,30,33,20,14,15
ENSG00000186716.19,BCR,212,338,284,315,202,261
ENSG00000236794.5,BCRP8,0,1,0,0,0,0
ENSG00000240160.3,RN7SL263P,0,1,0,1,0,2
ENSG00000230701.2,FBXW4P1,2,3,5,8,6,10
ENSG00000214526.3,RPS10P30,0,2,0,0,0,0
ENSG00000236611.1,LINC02556,0,0,1,0,0,0
ENSG00000215478.8,CES5AP1,1,2,0,0,1,0
ENSG00000133519.12,ZDHHC8BP,20,16,14,0,2,3
ENSG00000248409.1,CCDC188BP,1,1,0,0,0,0
ENSG00000234928.1,LINC01659,0,0,0,0,1,1
ENSG00000227755.1,ENSG00000227755,0,1,0,1,3,1
ENSG00000178248.11,FAM230I,0,0,0,0,1,0
ENSG00000225413.2,LINC02557,0,0,0,3,2,3
ENSG00000280623.1,PCAT14,0,0,1,194,148,179
ENSG00000224277.5,ENSG00000224277,0,0,0,0,2,0
ENSG00000128322.6,IGLL1,0,0,0,1,0,2
ENSG00000272733.1,ENSG00000272733,1,3,1,0,1,0
ENSG00000278655.1,ENSG00000278655,0,0,0,1,0,0
ENSG00000189269.12,DRICH1,1,2,0,0,3,1
ENSG00000275609.1,ENSG00000275609,0,0,0,0,0,1
ENSG00000211683.3,ENSG00000211683,0,2,0,0,0,1
ENSG00000228315.11,GUSBP11,0,0,0,0,0,1
ENSG00000234353.2,ENSG00000234353,0,0,0,1,4,1
ENSG00000244723.3,ASLP1,1,1,2,2,3,2
ENSG00000273000.5,ENSG00000273000,0,0,0,0,0,1
ENSG00000272578.5,GUSBP11,3,3,4,10,7,4
ENSG00000159496.14,RGL4,15,23,16,16,13,6
ENSG00000187792.4,ZNF70,26,48,32,80,48,40
ENSG00000128218.7,VPREB3,0,0,0,0,0,3
ENSG00000169314.14,C22orf15,2,7,7,4,3,5
ENSG00000250479.8,CHCHD10,26,29,27,26,16,30
ENSG00000099953.9,MMP11,2,1,1,14,16,16
ENSG00000280178.1,ENSG00000280178,0,0,0,0,0,0
ENSG00000099956.17,SMARCB1,70,75,61,168,127,138
ENSG00000099958.14,DERL3,4,8,7,78,42,71
ENSG00000272973.1,ENSG00000272973,0,3,0,1,0,2
ENSG00000133460.19,SLC2A11,52,59,41,24,33,27
ENSG00000251357.4,ENSG00000251357,0,0,0,0,0,0
ENSG00000279467.1,ENSG00000279467,4,4,1,6,4,6
ENSG00000244425.3,RN7SL268P,1,0,0,4,1,2
ENSG00000240972.1,MIF,3,2,1,1,1,1
ENSG00000218537.1,MIF-AS1,3,1,5,4,9,10
ENSG00000273295.1,ENSG00000273295,11,13,12,28,24,26
ENSG00000277002.1,ENSG00000277002,0,0,0,0,0,0
ENSG00000225282.1,KLHL5P1,2,2,1,3,1,7
ENSG00000206090.4,ENSG00000206090,0,0,0,0,0,0
ENSG00000231271.1,ENSG00000231271,0,0,0,0,0,0
ENSG00000133433.10,GSTT2B,2,2,2,9,2,6
ENSG00000228039.3,ENSG00000228039,0,0,0,0,0,0
ENSG00000099974.7,DDTL,2,3,4,3,5,5
ENSG00000272787.1,ENSG00000272787,1,2,1,1,3,3
ENSG00000099977.13,DDT,0,0,0,0,0,1
ENSG00000250470.1,ENSG00000250470,0,0,0,0,0,0
ENSG00000099984.10,GSTT2,0,0,0,0,0,0
ENSG00000224205.1,GSTT3P,0,1,0,0,0,0
ENSG00000276950.4,GSTT4,0,0,0,0,1,1
ENSG00000235689.1,ENSG00000235689,0,0,0,0,0,0
ENSG00000099991.16,CABIN1,277,318,305,498,287,368
ENSG00000232545.1,ENSG00000232545,10,10,6,11,6,7
ENSG00000099994.10,SUSD2,7,8,7,11,17,10
ENSG00000099998.17,GGT5,21,31,20,10,3,2
ENSG00000230712.2,GGTLC4P,0,0,0,0,0,0
ENSG00000128262.8,POM121L9P,1,1,2,0,0,1
ENSG00000225098.1,BCRP1,0,0,0,0,0,0
ENSG00000215464.4,RPS10P29,0,0,0,0,1,0
ENSG00000100014.19,SPECC1L,64,80,70,155,82,101
ENSG00000258555.4,SPECC1L-ADORA2A,0,1,0,0,1,0
ENSG00000128271.19,ADORA2A,1,4,2,3,0,0
ENSG00000178803.10,ADORA2A-AS1,1,5,5,6,12,4
ENSG00000100024.14,UPB1,0,1,2,1,9,2
ENSG00000228923.1,ENSG00000228923,0,0,0,0,1,0
ENSG00000138867.16,GUCD1,62,61,62,382,214,290
ENSG00000100028.11,SNRPD3,69,84,93,289,207,252
ENSG00000100031.18,GGT1,8,12,9,69,32,48
ENSG00000178026.12,LRRC75B,20,30,26,21,23,24
ENSG00000230947.2,ENSG00000230947,0,0,0,0,0,0
ENSG00000215481.8,BCRP3,0,2,0,4,4,6
ENSG00000224124.3,POM121L10P,0,0,0,0,0,0
ENSG00000224806.2,ARL5AP4,0,0,0,0,0,0
ENSG00000224334.1,ACTR2P1,0,0,0,0,1,0
ENSG00000282012.1,ENSG00000282012,0,0,0,0,0,0
ENSG00000237601.1,ENSG00000237601,0,0,0,0,0,0
ENSG00000182351.7,CRIP1P4,0,0,0,0,1,0
ENSG00000184571.13,PIWIL3,0,0,0,1,1,0
ENSG00000167037.18,SGSM1,145,181,156,5,8,7
ENSG00000199783.1,ENSG00000199783,0,0,0,0,0,0
ENSG00000206069.5,LHFPL7,0,0,1,0,0,0
ENSG00000197077.12,KIAA1671,126,147,130,157,97,141
ENSG00000279085.1,ENSG00000279085,3,3,0,1,3,0
ENSG00000279548.1,ENSG00000279548,0,1,1,1,1,0
ENSG00000279006.1,ENSG00000279006,0,2,1,4,4,3
ENSG00000279110.1,ENSG00000279110,5,6,3,12,18,6
ENSG00000203280.4,KIAA1671-AS1,6,6,5,4,1,1
ENSG00000271181.1,STMN3P1,0,0,0,0,0,0
ENSG00000100053.9,CRYBB3,0,1,1,1,0,0
ENSG00000236641.1,ENSG00000236641,0,1,0,0,0,0
ENSG00000244752.2,CRYBB2,0,2,0,1,4,2
ENSG00000278125.1,ENSG00000278125,0,0,0,0,0,0
ENSG00000279298.1,ENSG00000279298,0,0,0,0,0,0
ENSG00000233577.6,ENSG00000233577,0,0,0,0,0,0
ENSG00000206066.3,IGLL3P,0,0,0,0,0,0
ENSG00000230637.2,ENSG00000230637,0,1,0,1,1,1
ENSG00000231466.2,PHF10P2,0,1,2,4,2,1
ENSG00000100068.11,LRP5L,7,4,5,39,24,25
ENSG00000272942.1,ENSG00000272942,0,0,0,1,1,1
ENSG00000272798.1,ENSG00000272798,0,0,0,0,1,1
ENSG00000271138.1,IGLVIVOR22-1,0,0,0,0,0,0
ENSG00000100058.12,CRYBB2P1,23,26,20,50,36,48
ENSG00000277872.1,MIR6817,0,0,0,0,0,0
ENSG00000272977.1,ENSG00000272977,10,18,11,11,8,4
ENSG00000265978.1,ENSG00000265978,0,0,0,0,0,0
ENSG00000234884.1,GRK3-AS1,1,1,0,1,1,1
ENSG00000100077.14,GRK3,205,287,261,170,132,126
ENSG00000237387.1,ENSG00000237387,0,0,1,2,2,5
ENSG00000224003.1,YES1P1,2,5,4,9,4,4
ENSG00000222585.1,RNA5SP494,0,0,0,0,0,0
ENSG00000133454.15,MYO18B,0,0,0,82,82,62
ENSG00000278960.1,ENSG00000278960,0,0,0,2,1,2
ENSG00000231933.7,MYO18B-AS1,0,0,0,1,6,4
ENSG00000264925.1,ENSG00000264925,0,0,0,1,1,0
ENSG00000232464.1,ENSG00000232464,0,0,0,0,0,0
ENSG00000223056.1,RN7SKP169,0,0,0,0,1,0
ENSG00000232050.1,ENSG00000232050,0,0,0,0,0,0
ENSG00000236464.1,LINC02559,0,0,0,0,1,0
ENSG00000229770.1,ENSG00000229770,1,0,0,0,0,0
ENSG00000100095.18,SEZ6L,399,507,461,15,17,21
ENSG00000224192.2,SEZ6L-AS1,1,3,1,0,0,0
ENSG00000252267.1,RNA5SP495,0,0,0,0,0,0
ENSG00000230203.1,RPS3AP55,0,0,0,0,1,0
ENSG00000128203.6,ASPHD2,43,54,78,18,13,22
ENSG00000100099.20,HPS4,113,174,179,312,197,253
ENSG00000100104.12,SRRD,30,33,37,56,43,48
ENSG00000100109.16,TFIP11,57,89,49,136,75,93
ENSG00000261188.1,TFIP11-DT,14,23,13,27,13,17
ENSG00000128294.15,TPST2,38,40,37,82,47,85
ENSG00000221760.1,MIR548J,0,0,0,2,0,0
ENSG00000213707.2,HMGB1P10,2,3,2,9,10,6
ENSG00000100122.5,CRYBB1,2,0,1,2,2,4
ENSG00000196431.3,CRYBA4,1,0,0,0,1,1
ENSG00000226912.1,ISCA2P1,0,0,0,0,1,0
ENSG00000225783.6,MIAT,412,426,428,38,32,35
ENSG00000278404.1,ENSG00000278404,0,0,0,0,0,0
ENSG00000206028.1,ENSG00000206028,0,4,0,0,0,0
ENSG00000277941.1,ENSG00000277941,0,0,0,0,0,0
ENSG00000275942.1,ENSG00000275942,0,0,0,0,0,0
ENSG00000244625.5,MIATNB,4,6,8,7,12,12
ENSG00000276991.1,ENSG00000276991,0,0,0,0,0,0
ENSG00000223704.1,ENSG00000223704,2,3,5,3,7,2
ENSG00000231369.1,RPL15P22,0,0,0,0,0,0
ENSG00000235271.5,ENSG00000235271,0,1,0,0,1,0
ENSG00000279440.1,ENSG00000279440,0,0,0,0,8,0
ENSG00000200443.1,RNU6-1066P,0,0,0,0,0,0
ENSG00000279914.1,ENSG00000279914,0,0,0,0,0,0
ENSG00000279848.1,ENSG00000279848,0,0,0,0,0,0
ENSG00000236858.1,ENSG00000236858,1,0,0,0,2,0
ENSG00000280025.1,ENSG00000280025,0,0,0,1,4,0
ENSG00000231405.1,ENSG00000231405,0,0,0,0,1,0
ENSG00000238195.1,ENSG00000238195,0,0,0,0,1,0
ENSG00000233521.5,LINC01638,1,0,0,2,1,3
ENSG00000233574.1,ENSG00000233574,0,0,0,0,0,0
ENSG00000223726.1,ENSG00000223726,0,0,0,0,0,0
ENSG00000226741.1,LINC02554,0,0,0,0,2,0
ENSG00000230051.1,ENSG00000230051,1,3,1,0,0,0
ENSG00000280445.1,ENSG00000280445,0,0,0,1,0,0
ENSG00000227880.1,ENSG00000227880,0,0,0,0,0,0
ENSG00000224027.1,ENSG00000224027,0,0,0,0,1,0
ENSG00000227838.1,CPMER,0,0,0,2,0,1
ENSG00000231495.1,ENSG00000231495,0,0,0,0,0,0
ENSG00000226169.1,ENSG00000226169,0,0,0,0,0,0
ENSG00000169184.5,MN1,44,34,31,123,93,124
ENSG00000180957.17,PITPNB,79,91,64,110,84,86
ENSG00000235954.6,TTC28-AS1,38,47,57,40,43,44
ENSG00000277460.1,ENSG00000277460,0,0,0,0,0,0
ENSG00000264073.1,MIR3199-1,0,0,0,0,0,1
ENSG00000276150.1,ENSG00000276150,0,0,0,0,0,0
ENSG00000100154.14,TTC28,85,119,79,188,105,102
ENSG00000274342.1,ENSG00000274342,0,0,0,0,0,0
ENSG00000276675.1,ENSG00000276675,0,0,0,0,0,0
ENSG00000239249.3,RN7SL757P,1,0,0,0,0,0
ENSG00000201209.1,SNORD42,0,0,0,0,0,0
ENSG00000199797.1,Y_RNA,0,0,0,0,0,0
ENSG00000276162.1,MIR5739,0,0,0,2,1,2
ENSG00000266503.2,RN7SL162P,0,0,0,0,0,0
ENSG00000183765.20,CHEK2,1,5,3,97,78,95
ENSG00000100209.9,HSCB,6,9,11,35,22,19
ENSG00000159873.9,CCDC117,67,74,57,259,176,173
ENSG00000100219.16,XBP1,67,101,78,1079,639,765
ENSG00000280977.1,ENSG00000280977,0,0,0,1,0,1
ENSG00000226471.6,ENSG00000226471,2,6,2,8,10,13
ENSG00000272858.1,ENSG00000272858,0,0,0,4,3,2
ENSG00000224256.1,BBLNP2,0,0,0,0,0,0
ENSG00000183579.15,ZNRF3,96,104,101,97,89,82
ENSG00000235786.1,ZNRF3-IT1,1,6,2,3,3,2
ENSG00000177993.3,ZNRF3-AS1,5,3,2,7,2,2
ENSG00000100249.4,C22orf31,0,2,0,0,1,0
ENSG00000183762.12,KREMEN1,50,62,35,75,59,69
ENSG00000226772.1,ENSG00000226772,1,0,3,0,0,0
ENSG00000281592.1,ENSG00000281592,0,0,0,0,0,0
ENSG00000200871.1,RNU6-810P,1,0,0,0,0,0
ENSG00000251952.1,RNU6-1219P,0,0,0,0,0,0
ENSG00000186998.15,EMID1,11,19,28,9,5,7
ENSG00000100263.13,RHBDD3,24,40,32,79,56,65
ENSG00000237015.1,ENSG00000237015,2,1,2,7,3,5
ENSG00000182944.17,EWSR1,341,351,356,912,669,829
ENSG00000185340.15,GAS2L1,73,77,66,31,23,34
ENSG00000100276.9,RASL10A,9,27,17,0,2,0
ENSG00000273216.1,ENSG00000273216,0,0,1,1,1,0
ENSG00000100280.16,AP1B1,225,269,249,354,238,271
ENSG00000280968.1,ENSG00000280968,0,0,0,0,0,0
ENSG00000239127.1,SNORD125,0,0,0,0,0,0
ENSG00000242156.1,ENSG00000242156,0,0,0,0,0,0
ENSG00000278292.1,RFPL4AP6,0,0,0,0,1,0
ENSG00000225465.8,RFPL1S,105,100,97,4,2,0
ENSG00000274457.1,ENSG00000274457,0,0,0,0,0,0
ENSG00000128250.5,RFPL1,0,0,0,0,0,0
ENSG00000282816.1,ENSG00000282816,0,0,0,0,0,0
ENSG00000100285.9,NEFH,194,263,253,27,24,21
ENSG00000100296.13,THOC5,72,119,64,218,132,145
ENSG00000234208.1,ENSG00000234208,0,0,1,1,1,0
ENSG00000184117.11,NIPSNAP1,100,125,114,281,185,221
ENSG00000186575.17,NF2,203,271,239,449,307,350
ENSG00000233010.1,RPEP4,2,4,1,2,0,3
ENSG00000232396.2,CABP7-DT,0,1,0,0,0,0
ENSG00000239446.1,ENSG00000239446,0,0,0,0,0,0
ENSG00000100314.3,CABP7,16,20,24,2,1,6
ENSG00000100319.12,ZMAT5,15,11,5,16,20,13
ENSG00000200976.1,Y_RNA,0,0,0,0,0,0
ENSG00000184076.12,UQCR10,83,95,103,186,98,137
ENSG00000100325.14,ASCC2,33,40,38,140,90,127
ENSG00000100330.15,MTMR3,32,42,31,28,12,17
ENSG00000278841.1,ENSG00000278841,1,0,1,0,0,0
ENSG00000207455.1,RNU6-331P,0,0,0,0,0,0
ENSG00000221736.2,ENSG00000221736,0,0,0,0,0,0
ENSG00000279159.1,ENSG00000279159,74,91,73,83,61,73
ENSG00000275818.1,MIR6818,0,0,0,0,0,0
ENSG00000227117.6,HORMAD2-AS1,2,0,0,1,1,0
ENSG00000227201.2,CNN2P1,0,1,0,0,1,0
ENSG00000176635.17,HORMAD2,0,0,0,1,5,0
ENSG00000226573.1,RPL36P17,0,0,0,0,0,0
ENSG00000225971.1,RPS3AP51,0,0,0,0,0,0
ENSG00000225676.1,ENSG00000225676,0,0,0,0,2,0
ENSG00000232530.1,LIF-AS1,0,0,0,2,0,0
ENSG00000128342.4,LIF,2,3,3,152,95,106
ENSG00000268812.3,LIF-AS2,0,0,0,3,1,0
ENSG00000099985.3,OSM,0,0,1,0,0,2
ENSG00000279699.1,ENSG00000279699,1,3,0,0,1,1
ENSG00000239282.7,CASTOR1,4,5,1,2,0,0
ENSG00000248751.6,ENSG00000248751,0,0,0,0,0,0
ENSG00000099992.15,TBC1D10A,12,14,13,36,27,37
ENSG00000099995.18,SF3A1,183,234,179,382,258,289
ENSG00000187860.10,CCDC157,3,13,8,6,8,6
ENSG00000099999.14,RNF215,54,62,43,55,39,45
ENSG00000100003.17,SEC14L2,48,72,63,42,32,32
ENSG00000249590.7,ENSG00000249590,0,0,0,0,0,0
ENSG00000275258.1,ENSG00000275258,0,0,1,0,0,0
ENSG00000273350.1,ENSG00000273350,3,6,4,4,6,2
ENSG00000222915.1,RNU6-564P,1,2,0,0,0,0
ENSG00000272689.1,ENSG00000272689,0,2,1,4,4,2
ENSG00000242114.5,MTFP1,0,0,0,1,3,2
ENSG00000273428.3,ENSG00000273428,0,0,0,1,1,1
ENSG00000230137.1,SLC39A1P1,0,0,0,1,0,0
ENSG00000100012.11,SEC14L3,1,0,0,0,2,0
ENSG00000181123.8,ENSG00000181123,0,0,0,0,0,0
ENSG00000214161.3,SDC4P,0,0,0,0,0,0
ENSG00000133488.14,SEC14L4,0,0,0,2,2,4
ENSG00000214491.8,SEC14L6,4,12,1,3,6,5
ENSG00000225774.2,SIRPAP1,0,0,0,0,0,0
ENSG00000128242.12,GAL3ST1,19,18,18,4,6,3
ENSG00000100029.17,PES1,65,78,69,270,204,253
ENSG00000223831.1,PES1-AS1,0,0,0,0,0,0
ENSG00000185339.8,TCN2,18,25,23,56,49,40
ENSG00000100036.12,SLC35E4,18,32,26,21,12,13
ENSG00000167065.13,DUSP18,7,12,8,12,9,9
ENSG00000250318.1,RPL13AP26,1,2,0,2,0,1
ENSG00000184792.15,OSBP2,116,135,93,110,54,83
ENSG00000264661.2,MIR3200,1,0,0,0,0,0
ENSG00000237977.1,EIF4HP2,1,4,8,3,6,5
ENSG00000235989.3,MORC2-AS1,1,2,3,3,1,3
ENSG00000133422.12,MORC2,71,76,46,138,94,146
ENSG00000253352.8,TUG1,162,193,179,457,289,339
ENSG00000276664.1,ENSG00000276664,0,0,0,0,0,0
ENSG00000276057.1,ENSG00000276057,0,0,0,0,0,0
ENSG00000276965.1,ENSG00000276965,0,0,0,0,0,0
ENSG00000275307.1,ENSG00000275307,0,0,0,0,0,0
ENSG00000269987.1,ENSG00000269987,0,0,0,0,0,0
ENSG00000269972.1,ENSG00000269972,0,0,0,0,0,0
ENSG00000278920.1,ENSG00000278920,0,0,0,2,5,2
ENSG00000240186.3,RN7SL633P,0,0,0,0,0,0
ENSG00000183963.18,SMTN,42,51,46,135,86,137
ENSG00000273387.1,ENSG00000273387,1,2,1,8,5,3
ENSG00000198832.10,SELENOM,83,87,77,25,18,18
ENSG00000235573.2,RPS15AP37,0,0,0,0,0,0
ENSG00000185133.13,INPP5J,59,77,58,6,8,14
ENSG00000100078.3,PLA2G3,1,4,2,13,12,8
ENSG00000214125.2,SNRPNP2,0,0,0,0,0,0
ENSG00000264141.1,MIR3928,0,0,0,0,0,0
ENSG00000138942.15,RNF185,56,98,72,97,80,86
ENSG00000254835.1,RNF185-AS1,0,0,0,0,0,0
ENSG00000182541.17,LIMK2,92,115,103,109,68,92
ENSG00000199695.1,RNU6-1128P,0,0,0,0,1,0
ENSG00000202019.1,Y_RNA,0,0,0,0,0,0
ENSG00000100100.12,PIK3IP1,110,162,129,51,32,34
ENSG00000228839.5,PIK3IP1-DT,1,1,3,2,0,1
ENSG00000212542.1,RNA5SP496,0,0,0,0,0,0
ENSG00000100105.17,PATZ1,72,73,60,191,114,137
ENSG00000213888.3,LINC01521,12,14,13,8,9,6
ENSG00000206615.1,RNU6-338P,0,0,0,0,0,0
ENSG00000185721.11,DRG1,80,106,95,189,140,150
ENSG00000184708.17,EIF4ENIF1,85,97,95,86,72,69
ENSG00000240591.1,ENSG00000240591,0,0,2,0,1,0
ENSG00000199248.1,RNU6-28P,0,0,0,0,1,1
ENSG00000198089.14,SFI1,108,113,107,135,100,131
ENSG00000233733.1,H2AZP6,1,0,1,0,0,0
ENSG00000229169.1,RPS26P59,0,0,0,0,0,0
ENSG00000214093.3,RPS18P14,0,1,1,4,1,4
ENSG00000241878.9,PISD,179,232,210,144,90,102
ENSG00000275382.1,ENSG00000275382,0,0,0,0,0,0
ENSG00000183530.13,PRR14L,216,267,232,416,292,333
ENSG00000100150.16,DEPDC5,51,79,72,77,49,63
ENSG00000242251.3,RN7SL20P,0,0,0,1,1,1
ENSG00000236132.1,RPL17P52,0,0,1,1,2,0
ENSG00000252909.1,RNU6-201P,0,0,0,0,0,0
ENSG00000227813.1,ENSG00000227813,0,0,2,0,0,0
ENSG00000128254.12,YWHAH-AS1,0,5,5,2,1,2
ENSG00000128245.14,YWHAH,1029,1359,1146,335,218,292
ENSG00000227519.1,ENSG00000227519,0,0,0,1,0,0
ENSG00000230866.1,LINC02558,0,0,0,0,2,0
ENSG00000240647.3,RN7SL305P,0,0,0,0,0,0
ENSG00000232346.1,RPS17P16,0,0,0,0,0,0
ENSG00000100170.9,SLC5A1,0,0,0,0,5,0
ENSG00000234479.2,AP1B1P1,0,0,0,0,1,0
ENSG00000237439.1,ENSG00000237439,0,0,0,0,0,0
ENSG00000232707.1,AP1B1P2,0,0,0,0,0,0
ENSG00000239674.2,ENSG00000239674,0,0,0,1,0,0
ENSG00000205856.3,C22orf42,0,2,0,0,1,1
ENSG00000230120.1,ENSG00000230120,0,0,0,0,0,0
ENSG00000275656.1,ENSG00000275656,0,0,0,0,0,0
ENSG00000128253.13,RFPL2,5,3,9,1,1,0
ENSG00000279219.1,ENSG00000279219,0,0,0,0,0,0
ENSG00000254127.1,IGLCOR22-1,0,0,0,0,0,0
ENSG00000242082.1,SLC5A4-AS1,4,5,2,2,3,1
ENSG00000100191.5,SLC5A4,6,9,5,12,9,4
ENSG00000214076.3,CPSF1P1,41,43,42,5,11,10
ENSG00000224050.1,ENSG00000224050,1,1,3,0,0,0
ENSG00000273325.1,ENSG00000273325,0,2,0,1,0,0
ENSG00000234626.1,ENSG00000234626,0,1,1,0,0,0
ENSG00000128276.10,RFPL3,0,0,0,0,0,0
ENSG00000271093.1,IGLCOR22-2,0,0,0,0,0,0
ENSG00000205853.10,RFPL3S,1,0,1,0,0,1
ENSG00000274617.1,ENSG00000274617,0,0,0,0,0,0
ENSG00000274170.1,ENSG00000274170,0,0,0,0,0,0
ENSG00000230736.2,ENSG00000230736,1,2,2,1,0,1
ENSG00000243519.1,IGLVIVOR22-2,0,0,0,0,0,0
ENSG00000241954.1,ENSG00000241954,0,0,0,1,2,0
ENSG00000232218.1,RGL4P1,1,0,0,2,0,0
ENSG00000100220.11,RTCB,109,150,124,336,179,248
ENSG00000184459.8,BPIFC,0,0,0,0,1,0
ENSG00000100225.17,FBXO7,164,181,196,428,372,365
ENSG00000185666.14,SYN3,72,107,78,11,12,8
ENSG00000236054.1,SYN3-AS1,0,3,3,1,1,1
ENSG00000251890.1,RNA5SP497,0,0,0,0,0,0
ENSG00000229673.1,ENSG00000229673,0,0,1,0,0,0
ENSG00000100234.11,TIMP3,212,267,241,801,489,603
ENSG00000228194.1,ETFRF1P1,0,0,0,0,0,0
ENSG00000228622.1,ENSG00000228622,0,0,0,0,0,0
ENSG00000231253.1,LINC01640,0,0,0,0,0,1
ENSG00000233632.1,ENSG00000233632,0,0,0,0,1,0
ENSG00000133424.20,LARGE1,170,207,195,80,54,80
ENSG00000232073.1,ENSG00000232073,0,0,0,0,0,0
ENSG00000230741.1,ENSG00000230741,1,1,2,2,1,0
ENSG00000266012.1,MIR4764,0,0,0,0,0,0
ENSG00000253007.2,SNORA50B,0,0,0,0,0,0
ENSG00000281295.1,ENSG00000281295,0,0,0,0,0,0
ENSG00000232081.1,LARGE-IT1,0,0,0,0,0,1
ENSG00000224973.5,LARGE-AS1,6,6,5,4,4,4
ENSG00000273082.1,LARGE1-AS1,0,0,0,0,0,0
ENSG00000236052.1,LINC01643,0,0,0,0,1,0
ENSG00000224404.1,ENSG00000224404,0,1,2,0,0,0
ENSG00000235485.1,ACO2P1,0,1,0,0,0,0
ENSG00000280356.1,ENSG00000280356,0,0,0,3,4,2
ENSG00000234891.1,ENSG00000234891,1,2,0,0,1,0
ENSG00000237316.1,ENSG00000237316,0,0,1,0,0,0
ENSG00000227895.5,ENSG00000227895,1,0,0,2,0,1
ENSG00000175329.12,ISX,0,0,0,5,4,1
ENSG00000233080.2,LINC01399,0,0,0,0,0,1
ENSG00000273068.1,ENSG00000273068,0,0,0,0,0,0
ENSG00000279184.1,ENSG00000279184,0,0,1,75,75,62
ENSG00000238153.1,ENSG00000238153,0,0,0,0,0,0
ENSG00000243453.1,ENSG00000243453,0,0,0,0,0,0
ENSG00000238584.1,RNU7-167P,0,0,0,0,0,0
ENSG00000100281.13,HMGXB4,31,45,48,122,99,101
ENSG00000273176.1,ENSG00000273176,2,0,1,0,0,0
ENSG00000100284.20,TOM1,98,119,104,84,55,68
ENSG00000266320.1,MIR3909,1,0,0,1,1,0
ENSG00000274280.1,MIR6069,0,0,0,0,0,0
ENSG00000282602.1,ENSG00000282602,0,0,0,1,0,0
ENSG00000282041.1,ENSG00000282041,0,0,0,0,0,0
ENSG00000100292.16,HMOX1,13,18,13,82,51,81
ENSG00000100297.15,MCM5,28,31,34,537,292,443
ENSG00000233388.2,TRMT112P8,0,0,0,4,1,5
ENSG00000273044.1,ENSG00000273044,0,0,0,0,0,0
ENSG00000100302.6,RASD2,55,81,60,15,14,17
ENSG00000198125.12,MB,0,1,0,9,8,8
ENSG00000268818.2,ENSG00000268818,0,0,0,0,0,0
ENSG00000221963.5,APOL6,64,54,56,331,197,254
ENSG00000228587.1,ENSG00000228587,0,0,0,0,0,0
ENSG00000226336.2,MRPS16P3,0,0,0,0,0,0
ENSG00000128313.2,APOL5,0,0,1,0,0,0
ENSG00000100320.22,RBFOX2,615,733,699,517,362,407
ENSG00000237406.1,NDUFA9P1,3,3,1,4,3,3
ENSG00000279652.1,ENSG00000279652,10,8,4,19,23,18
ENSG00000279927.1,ENSG00000279927,0,0,0,0,0,0
ENSG00000279217.1,ENSG00000279217,0,0,0,0,9,1
ENSG00000279714.1,ENSG00000279714,0,0,0,0,0,0
ENSG00000279805.1,ENSG00000279805,1,0,1,0,1,0
ENSG00000128284.19,APOL3,7,5,11,37,32,18
ENSG00000233764.1,MTCO1P20,0,0,0,0,1,0
ENSG00000231576.1,MTCO2P20,0,0,0,0,0,0
ENSG00000237948.1,MTATP6P20,0,0,0,0,1,0
ENSG00000225557.1,MTCO3P20,0,0,0,0,1,0
ENSG00000237129.1,MTCYBP34,0,0,0,0,0,0
ENSG00000229088.1,MTND1P10,0,0,0,0,1,0
ENSG00000100336.17,APOL4,10,7,8,8,5,4
ENSG00000128335.13,APOL2,110,148,133,142,106,112
ENSG00000100342.20,APOL1,4,9,6,86,63,74
ENSG00000100345.20,MYH9,443,506,481,2664,1600,2097
ENSG00000278420.1,MIR6819,0,0,0,0,0,0
ENSG00000223695.1,MYH9-DT,1,2,0,2,0,0
ENSG00000237668.1,RPS15AP38,0,0,0,0,1,0
ENSG00000252575.1,ENSG00000252575,0,0,0,0,0,0
ENSG00000252225.1,Y_RNA,0,0,0,0,0,0
ENSG00000228719.1,ENSG00000228719,0,0,3,0,0,0
ENSG00000100348.9,TXN2,27,41,39,81,48,39
ENSG00000100350.14,FOXRED2,73,107,107,214,104,120
ENSG00000100353.17,EIF3D,101,116,130,740,488,633
ENSG00000188078.5,ENSG00000188078,0,0,0,0,0,1
ENSG00000229971.1,ENSG00000229971,0,0,0,0,0,0
ENSG00000261675.1,ENSG00000261675,41,56,44,0,0,0
ENSG00000166862.6,CACNG2,33,34,48,0,1,0
ENSG00000234688.1,CACNG2-DT,3,2,4,0,0,0
ENSG00000100360.14,IFT27,55,57,56,76,56,60
ENSG00000100362.12,PVALB,100,128,102,23,17,15
ENSG00000234979.1,ENSG00000234979,2,0,0,0,0,0
ENSG00000183822.3,NCF4-AS1,0,0,1,1,3,1
ENSG00000100365.14,NCF4,3,7,1,23,17,15
ENSG00000100368.13,CSF2RB,2,3,4,50,40,39
ENSG00000232254.1,CSF2RBP1,0,0,0,0,1,0
ENSG00000215403.1,LL22NC01-81G9.3,0,0,0,0,0,0
ENSG00000185264.11,CIMIP4,0,0,0,0,0,0
ENSG00000128311.13,TST,17,21,17,88,61,50
ENSG00000252412.1,Y_RNA,1,1,0,0,0,0
ENSG00000128309.16,MPST,34,29,33,131,75,112
ENSG00000100379.17,KCTD17,46,75,72,31,19,14
ENSG00000201078.1,RN7SKP214,0,0,0,1,0,0
ENSG00000187045.16,TMPRSS6,0,3,0,5,5,3
ENSG00000231467.2,ENSG00000231467,0,0,0,0,1,0
ENSG00000100385.13,IL2RB,1,0,0,6,6,4
ENSG00000252142.1,ENSG00000252142,0,0,0,0,0,0
ENSG00000235237.1,IL2RB-AS1,0,0,0,1,0,0
ENSG00000133466.13,C1QTNF6,11,8,10,83,64,66
ENSG00000278195.1,SSTR3,30,36,48,14,12,12
ENSG00000226233.1,RPL39P41,0,0,0,0,0,0
ENSG00000128340.14,RAC2,8,8,5,111,78,92
ENSG00000100055.20,CYTH4,13,18,15,20,19,12
ENSG00000243902.6,ELFN2,2,4,3,0,0,0
ENSG00000237862.1,ENSG00000237862,1,1,1,1,3,0
ENSG00000166897.14,ELFN2,100,130,106,19,14,22
ENSG00000272694.1,ENSG00000272694,0,0,0,0,0,0
ENSG00000100060.17,MFNG,4,5,6,76,29,49
ENSG00000100065.14,CARD10,2,5,5,96,74,73
ENSG00000225867.1,ENSG00000225867,1,1,0,0,0,0
ENSG00000128283.6,CDC42EP1,67,100,64,144,81,126
ENSG00000100079.6,LGALS2,0,0,0,6,5,3
ENSG00000273866.1,Metazoa_SRP,0,0,0,0,0,0
ENSG00000100083.18,GGA1,117,153,124,303,193,217
ENSG00000100092.20,SH3BP1,17,11,15,49,32,39
ENSG00000233360.4,PDXP-DT,0,3,1,6,2,3
ENSG00000241360.1,PDXP,1,5,4,1,1,1
ENSG00000241333.3,RN7SL385P,0,1,0,0,0,0
ENSG00000100097.11,LGALS1,76,93,78,731,446,618
ENSG00000273899.4,NOL12,9,9,14,26,13,17
ENSG00000100101.15,ENSG00000100101,0,0,0,0,0,0
ENSG00000100106.19,TRIOBP,35,26,25,159,100,134
ENSG00000281932.1,ENSG00000281932,0,0,0,0,0,0
ENSG00000189060.5,H1-0,106,146,111,252,167,190
ENSG00000100116.16,GCAT,34,27,33,73,53,53
ENSG00000128310.2,GALR3,0,0,2,1,1,0
ENSG00000100124.12,ANKRD54,33,47,53,89,49,72
ENSG00000207945.1,ENSG00000207945,0,0,0,0,0,0
ENSG00000207696.1,MIR659,0,0,0,0,0,0
ENSG00000100129.17,EIF3L,184,214,195,653,429,578
ENSG00000279738.1,ENSG00000279738,11,23,13,46,32,20
ENSG00000207227.1,RNU6-900P,0,0,0,0,0,0
ENSG00000100139.13,MICALL1,52,63,61,147,97,113
ENSG00000278948.1,ENSG00000278948,1,7,1,4,1,1
ENSG00000128346.10,C22orf23,2,1,6,8,5,3
ENSG00000280527.1,ENSG00000280527,0,1,0,0,0,1
ENSG00000279010.1,ENSG00000279010,166,184,150,103,82,71
ENSG00000272582.1,ENSG00000272582,0,0,0,0,0,0
ENSG00000100142.14,POLR2F,15,28,17,12,7,7
ENSG00000277321.1,ENSG00000277321,0,0,0,0,0,0
ENSG00000100146.16,SOX10,0,0,0,0,0,0
ENSG00000264505.1,ENSG00000264505,0,0,0,0,0,0
ENSG00000222044.1,ENSG00000222044,6,3,10,4,6,0
ENSG00000273214.1,ENSG00000273214,0,0,1,0,1,0
ENSG00000100151.15,PICK1,78,81,80,43,33,57
ENSG00000233739.1,ENSG00000233739,0,0,0,0,0,0
ENSG00000100156.10,SLC16A8,7,11,8,10,4,6
ENSG00000128298.16,BAIAP2L2,5,17,7,16,7,8
ENSG00000272720.1,ENSG00000272720,10,3,3,3,2,1
ENSG00000184381.18,PLA2G6,54,55,58,82,45,44
ENSG00000279080.1,ENSG00000279080,1,3,4,12,7,6
ENSG00000185022.11,MAFF,31,27,20,95,62,67
ENSG00000198792.12,TMEM184B,196,227,209,189,134,169
ENSG00000235246.1,TMEM184B-AS1,0,0,0,0,0,0
ENSG00000241693.2,RN7SL704P,0,0,0,0,0,0
ENSG00000265311.1,ENSG00000265311,0,0,0,0,0,0
ENSG00000277385.1,Metazoa_SRP,0,0,0,0,0,0
ENSG00000213923.10,CSNK1E,230,225,215,574,335,437
ENSG00000244627.5,TPTEP2,9,10,10,25,25,21
ENSG00000229955.1,ENSG00000229955,2,0,1,4,3,2
ENSG00000228620.1,ENSG00000228620,0,0,0,0,0,0
ENSG00000168135.4,KCNJ4,44,66,49,2,1,2
ENSG00000100196.10,KDELR3,6,7,7,106,91,89
ENSG00000100201.18,DDX17,1522,1790,1621,2785,1795,2221
ENSG00000100206.9,DMC1,2,4,0,15,10,8
ENSG00000224279.2,RPS29P31,1,0,0,0,0,0
ENSG00000184949.15,FAM227A,15,11,16,39,46,22
ENSG00000100211.10,CBY1,14,18,12,23,20,36
ENSG00000230912.1,ENSG00000230912,2,0,0,0,4,2
ENSG00000228274.3,TOMM22-DT,12,7,15,6,8,8
ENSG00000100216.5,TOMM22,52,67,51,178,112,156
ENSG00000100221.10,JOSD1,147,161,133,261,204,210
ENSG00000100226.15,GTPBP1,142,185,149,331,178,243
ENSG00000229598.1,PRDX3P1,3,5,1,9,2,9
ENSG00000244491.1,ENSG00000244491,0,0,1,0,2,0
ENSG00000100242.15,SUN2,258,354,281,251,135,208
ENSG00000230149.2,ENSG00000230149,0,2,0,2,1,2
ENSG00000273096.1,ENSG00000273096,0,1,1,1,3,0
ENSG00000225450.1,ENSG00000225450,1,0,2,2,0,1
ENSG00000272669.1,ENSG00000272669,1,5,1,5,9,6
ENSG00000273076.1,ENSG00000273076,0,1,1,4,0,2
ENSG00000100246.12,DNAL4,19,42,34,46,18,27
ENSG00000221890.2,NPTXR,389,445,393,69,59,50
ENSG00000183741.11,CBX6,738,875,832,361,241,300
ENSG00000235209.1,ENSG00000235209,0,0,0,0,0,0
ENSG00000128383.12,APOBEC3A,0,0,0,0,1,0
ENSG00000179750.15,APOBEC3B,0,0,0,16,16,13
ENSG00000249310.2,APOBEC3B-AS1,0,0,0,0,0,0
ENSG00000244509.3,APOBEC3C,4,3,3,80,46,59
ENSG00000243811.7,APOBEC3D,1,1,3,15,7,8
ENSG00000128394.16,APOBEC3F,1,2,0,9,5,8
ENSG00000239713.7,APOBEC3G,5,10,3,40,27,26
ENSG00000259421.1,ENSG00000259421,0,0,0,0,0,0
ENSG00000225720.6,ENSG00000225720,0,2,1,0,0,0
ENSG00000100298.15,APOBEC3H,4,3,0,0,0,0
ENSG00000100307.12,CBX7,181,250,204,25,19,23
ENSG00000226024.1,COX5BP7,0,0,0,0,0,0
ENSG00000279833.1,ENSG00000279833,6,19,10,8,5,6
ENSG00000227009.1,FUNDC2P4,0,0,0,0,0,0
ENSG00000100311.16,PDGFB,34,45,32,40,28,43
ENSG00000224794.1,ENSG00000224794,0,0,0,0,0,1
ENSG00000100316.15,RPL3,658,761,720,4012,2404,3036
ENSG00000209480.1,SNORD83B,0,0,0,0,0,0
ENSG00000209482.1,SNORD83A,1,0,0,3,3,1
ENSG00000280859.1,ENSG00000280859,0,0,0,1,0,2
ENSG00000263764.1,SNORD43,0,0,0,0,0,0
ENSG00000100321.14,SYNGR1,762,996,865,54,51,42
ENSG00000280216.1,ENSG00000280216,1,2,2,0,0,0
ENSG00000100324.13,TAB1,99,86,67,79,71,84
ENSG00000128268.11,MGAT3,257,328,274,34,15,24
ENSG00000227188.1,MGAT3-AS1,4,7,8,1,2,1
ENSG00000100335.12,MIEF1,95,122,114,308,162,203
ENSG00000128272.14,ATF4,291,356,307,1353,819,1065
ENSG00000187051.8,RPS19BP1,72,88,71,129,95,95
ENSG00000100346.17,CACNA1I,105,137,135,2,5,0
ENSG00000176177.9,ENTHD1,0,0,0,2,3,3
ENSG00000235647.1,MTFR2P2,0,0,0,0,1,0
ENSG00000238875.1,RN7SKP210,0,0,0,0,0,0
ENSG00000226085.3,UQCRFS1P1,1,5,6,4,8,4
ENSG00000100351.16,GRAP2,1,0,1,63,44,44
ENSG00000225528.1,TMA7B,0,0,0,8,1,7
ENSG00000133477.16,FAM83F,0,1,6,28,19,14
ENSG00000261202.1,TNRC6B-DT,0,2,0,1,0,2
ENSG00000100354.20,TNRC6B,578,680,591,519,319,405
ENSG00000228599.1,RPL7P52,2,4,2,3,2,2
ENSG00000239900.11,ADSL,39,37,46,271,168,200
ENSG00000279624.3,ENSG00000279624,0,0,1,1,0,0
ENSG00000100359.20,SGSM3,110,136,115,148,102,130
ENSG00000229999.6,SGSM3-AS1,1,2,0,3,2,2
ENSG00000196588.14,MRTFA,136,131,103,133,76,92
ENSG00000272834.1,ENSG00000272834,0,0,1,1,1,3
ENSG00000227413.1,ENSG00000227413,2,0,1,0,3,0
ENSG00000232564.2,MRTFA-AS1,3,8,5,10,7,7
ENSG00000252124.1,ENSG00000252124,0,1,1,2,2,0
ENSG00000172912.4,COX6B1P3,0,0,0,1,0,0
ENSG00000230071.2,RPL4P6,1,2,1,8,5,11
ENSG00000231907.2,GAPDHP37,0,1,0,0,1,0
ENSG00000128285.4,MCHR1,12,21,17,2,3,2
ENSG00000100372.14,SLC25A17,36,39,41,118,95,115
ENSG00000230769.1,RFKP4,1,1,3,5,1,1
ENSG00000233603.1,JTBP1,1,1,0,5,0,4
ENSG00000266594.1,MIR4766,0,0,0,1,0,0
ENSG00000100380.12,ST13,390,477,462,891,638,769
ENSG00000196236.12,XPNPEP3,31,41,39,144,105,120
ENSG00000172404.4,DNAJB7,2,2,0,2,1,0
ENSG00000273979.1,Metazoa_SRP,0,0,0,0,0,2
ENSG00000200683.1,RNU6-379P,0,0,0,0,0,1
ENSG00000100387.8,RBX1,51,70,59,126,76,88
ENSG00000222698.1,Y_RNA,0,0,0,0,0,0
ENSG00000280863.1,ENSG00000280863,0,0,0,0,0,0
ENSG00000237214.3,RPS9P2,0,0,0,0,0,0
ENSG00000199515.1,Y_RNA,0,0,0,0,0,0
ENSG00000213857.3,ACTBP15,0,0,0,0,0,0
ENSG00000100393.9,EP300,299,396,402,558,322,399
ENSG00000221160.1,ENSG00000221160,0,0,0,0,0,0
ENSG00000252859.1,RNU6-375P,0,0,0,0,1,0
ENSG00000232754.1,ENSG00000232754,0,1,0,2,2,1
ENSG00000231993.1,EP300-AS1,1,2,0,0,1,2
ENSG00000215771.2,LRRC37A14P,0,1,0,0,0,1
ENSG00000100395.14,L3MBTL2,86,90,77,103,81,84
ENSG00000235513.1,L3MBTL2-AS1,6,4,6,2,4,6
ENSG00000100399.15,CHADL,29,38,37,1,2,1
ENSG00000100401.19,RANGAP1,252,315,263,459,292,385
ENSG00000274552.1,MIR6889,0,0,0,0,0,0
ENSG00000100403.11,ZC3H7B,418,533,477,452,288,375
ENSG00000167074.14,TEF,333,384,341,43,33,28
ENSG00000199865.1,RNU6-495P,0,2,0,0,0,0
ENSG00000273424.1,ENSG00000273424,0,0,2,4,1,0
ENSG00000183864.4,TOB2,201,275,197,173,115,145
ENSG00000100410.7,PHF5A,34,35,17,136,78,87
ENSG00000100412.15,ACO2,289,352,334,246,160,189
ENSG00000100413.16,POLR3H,98,80,82,118,68,84
ENSG00000172346.14,CSDC2,70,94,64,6,5,1
ENSG00000100417.11,PMM1,31,37,53,46,25,23
ENSG00000100418.7,DESI1,129,188,159,187,134,134
ENSG00000196419.12,XRCC6,364,415,380,1436,973,1126
ENSG00000200332.1,Y_RNA,0,0,0,0,0,0
ENSG00000100138.13,SNU13,168,201,179,365,217,288
ENSG00000207457.1,RNU6-476P,0,1,0,3,1,0
ENSG00000184208.10,C22orf46P,34,36,32,56,46,49
ENSG00000167077.12,MEI1,1,5,1,6,5,2
ENSG00000231261.1,HMGN2P10,0,1,0,0,0,0
ENSG00000252603.1,RNU6ATAC22P,0,0,0,0,0,0
ENSG00000206813.1,Y_RNA,0,0,0,0,0,0
ENSG00000100147.13,CCDC134,9,20,18,36,22,27
ENSG00000184068.2,SREBF2-AS1,11,14,13,33,17,21
ENSG00000198911.11,SREBF2,487,663,565,615,375,530
ENSG00000207932.1,MIR33A,0,1,2,0,0,0
ENSG00000234965.2,SHISA8,32,30,15,0,0,4
ENSG00000159958.4,TNFRSF13C,4,2,2,10,9,12
ENSG00000263463.1,ENSG00000263463,0,0,0,0,0,0
ENSG00000100162.14,CENPM,0,3,1,64,34,51
ENSG00000205704.6,SMIM45,28,15,21,0,1,1
ENSG00000100167.19,SEPTIN3,711,894,847,51,37,56
ENSG00000224883.1,ENSG00000224883,2,3,4,0,1,0
ENSG00000183066.14,WBP2NL,14,11,8,5,9,1
ENSG00000215347.3,SLC25A5P1,0,0,0,0,1,0
ENSG00000198951.11,NAGA,29,42,52,143,106,130
ENSG00000177096.8,PHETA2,9,3,4,6,4,6
ENSG00000238498.1,SNORD13P1,0,0,0,0,0,0
ENSG00000183172.8,SMDT1,24,42,34,28,15,25
ENSG00000184983.9,NDUFA6,66,99,81,165,108,126
ENSG00000270083.1,ENSG00000270083,1,1,2,6,2,2
ENSG00000237037.9,NDUFA6-DT,8,16,17,9,6,10
ENSG00000213790.2,OLA1P1,0,0,3,2,0,0
ENSG00000100197.20,CYP2D6,15,19,15,16,8,5
ENSG00000227370.1,ENSG00000227370,1,1,1,3,1,4
ENSG00000232710.1,ENSG00000232710,0,3,0,0,0,0
ENSG00000281538.1,ENSG00000281538,4,3,5,1,1,0
ENSG00000205702.10,CYP2D7,4,12,6,2,3,7
ENSG00000226450.2,CYP2D8P,1,2,3,6,7,4
ENSG00000100207.18,TCF20,205,259,209,454,281,354
ENSG00000182057.4,OGFRP1,0,3,1,11,6,5
ENSG00000233903.2,ENSG00000233903,1,2,0,8,4,5
ENSG00000273366.1,ENSG00000273366,1,2,1,7,1,4
ENSG00000229891.1,LINC01315,1,3,5,2,4,1
ENSG00000235568.6,NFAM1,5,5,11,8,9,9
ENSG00000230107.1,ENSG00000230107,0,0,0,1,1,2
ENSG00000172250.14,SERHL,2,2,2,2,1,0
ENSG00000189306.10,RRP7A,55,87,65,148,76,109
ENSG00000265106.1,ENSG00000265106,0,0,0,0,0,0
ENSG00000183569.17,SERHL2,4,10,8,13,14,17
ENSG00000182841.12,RRP7BP,20,28,16,44,39,39
ENSG00000202058.1,RN7SKP80,284,319,228,250,413,377
ENSG00000251913.1,RNU6-513P,0,0,0,0,0,0
ENSG00000100227.17,POLDIP3,139,155,149,263,170,210
ENSG00000276027.1,RNU12,0,0,0,0,0,0
ENSG00000270022.3,ENSG00000270022,1,0,0,4,2,3
ENSG00000100243.20,CYB5R3,125,168,134,375,251,306
ENSG00000249222.1,ATP5MGL,0,3,0,2,0,0
ENSG00000128274.15,A4GALT,8,5,2,36,23,24
ENSG00000200448.1,Y_RNA,0,0,0,0,0,0
ENSG00000234009.1,RPL5P34,0,0,0,0,0,1
ENSG00000229608.1,GOLGA2P4,0,0,0,0,0,0
ENSG00000274717.1,ADAMTS7P5,0,0,1,1,2,1
ENSG00000242247.10,ARFGAP3,53,64,44,183,143,127
ENSG00000100266.17,PACSIN2,111,126,109,253,170,217
ENSG00000226989.1,COA1P1,0,1,0,0,0,0
ENSG00000230319.1,TTLL1-AS1,5,3,1,0,2,0
ENSG00000100271.16,TTLL1,14,27,25,10,11,18
ENSG00000234735.1,RPS25P10,0,1,0,0,0,0
ENSG00000100290.2,BIK,1,2,5,4,5,5
ENSG00000100294.12,MCAT,18,26,25,43,26,34
ENSG00000100300.17,TSPO,12,10,13,136,85,111
ENSG00000100304.12,TTLL12,57,94,59,282,209,234
ENSG00000159307.18,SCUBE1,1,5,3,10,14,6
ENSG00000236272.1,SCUBE1-AS2,0,0,0,0,0,0
ENSG00000234892.1,ENSG00000234892,0,0,0,0,0,0
ENSG00000203527.2,SCUBE1-AS1,0,0,0,1,0,0
ENSG00000236117.1,LINC01639,1,0,0,1,2,0
ENSG00000186732.13,MPPED1,122,153,138,1,3,3
ENSG00000223843.4,EFCAB6-AS1,2,3,0,0,2,0
ENSG00000186976.14,EFCAB6,36,42,35,5,4,2
ENSG00000233157.1,ENSG00000233157,1,0,1,0,0,1
ENSG00000180150.5,HMGN2P9,0,0,0,0,0,0
ENSG00000261251.1,EFCAB6-DT,3,3,6,1,4,5
ENSG00000130540.13,SULT4A1,290,334,287,5,7,3
ENSG00000100341.11,PNPLA5,3,2,2,0,3,0
ENSG00000266837.1,ENSG00000266837,0,0,0,0,0,0
ENSG00000100344.10,PNPLA3,6,5,4,41,34,36
ENSG00000100347.14,SAMM50,40,44,48,129,115,100
ENSG00000224856.2,RPL35AP36,0,1,0,0,0,2
ENSG00000188677.14,PARVB,67,88,66,153,133,136
ENSG00000279175.1,ENSG00000279175,3,6,4,8,9,10
ENSG00000280434.1,ENSG00000280434,3,7,5,18,14,7
ENSG00000138964.16,PARVG,6,10,8,16,19,8
ENSG00000279933.1,ENSG00000279933,0,0,1,2,0,0
ENSG00000280011.1,ENSG00000280011,0,3,0,3,7,3
ENSG00000138944.7,SHISAL1,147,203,175,159,111,132
ENSG00000220702.1,ENSG00000220702,0,0,0,0,0,0
ENSG00000236079.1,SKP1P4,0,0,0,0,0,0
ENSG00000232655.1,LINC01656,0,0,0,0,0,0
ENSG00000228807.1,MRPS18CP6,0,0,0,0,0,0
ENSG00000279642.1,ENSG00000279642,0,0,0,0,0,0
ENSG00000188636.3,RTL6,174,260,175,237,149,180
ENSG00000215333.3,KRT18P23,0,0,0,0,1,0
ENSG00000187012.10,LINC00207,0,0,0,0,3,0
ENSG00000234300.1,LINC00229,0,0,0,0,0,0
ENSG00000231801.2,ANP32BP2,0,0,0,0,0,0
ENSG00000186654.20,PRR5,10,5,6,25,20,15
ENSG00000248405.9,PRR5-ARHGAP8,0,1,0,1,1,0
ENSG00000241484.9,ARHGAP8,2,1,2,6,6,3
ENSG00000056487.15,PHF21B,13,12,7,16,14,11
ENSG00000223730.1,RPL6P28,1,1,0,1,1,0
ENSG00000230922.1,ENSG00000230922,1,5,0,4,4,2
ENSG00000226328.6,NUP50-DT,26,24,30,32,28,27
ENSG00000273243.1,ENSG00000273243,1,3,0,5,1,4
ENSG00000093000.18,NUP50,130,172,153,404,290,317
ENSG00000273353.1,ENSG00000273353,0,0,0,0,1,0
ENSG00000100364.18,KIAA0930,310,361,310,257,166,191
ENSG00000221598.2,MIR1249,1,0,2,0,0,1
ENSG00000273287.2,ENSG00000273287,1,3,1,0,0,0
ENSG00000213752.3,ENSG00000213752,0,0,0,0,0,0
ENSG00000100373.9,UPK3A,0,0,0,2,1,1
ENSG00000100376.11,FAM118A,50,49,49,111,65,94
ENSG00000077935.16,SMC1B,3,0,1,6,10,9
ENSG00000128408.8,RIBC2,0,4,1,12,11,3
ENSG00000232363.1,ENSG00000232363,0,0,0,0,1,0
ENSG00000077942.17,FBLN1,43,47,32,121,93,114
ENSG00000238120.1,LINC01589,0,0,0,3,1,0
ENSG00000251985.1,RNU6-1161P,0,0,0,0,0,0
ENSG00000280383.1,ENSG00000280383,16,22,15,31,17,29
ENSG00000130638.15,ATXN10,195,254,250,193,152,172
ENSG00000264160.1,MIR4762,1,0,0,0,0,1
ENSG00000235347.1,TRNT1P2,0,3,2,5,0,0
ENSG00000279954.1,ENSG00000279954,0,4,2,0,1,0
ENSG00000235091.1,ENSG00000235091,0,0,0,0,0,0
ENSG00000188064.9,WNT7B,7,10,6,9,9,17
ENSG00000265610.1,ENSG00000265610,0,0,0,0,0,0
ENSG00000280424.1,ENSG00000280424,3,2,2,4,5,3
ENSG00000273145.1,ENSG00000273145,0,0,1,1,5,4
ENSG00000231711.2,LINC00899,7,14,9,7,5,8
ENSG00000182257.6,PRR34,6,12,15,7,2,3
ENSG00000273289.1,ENSG00000273289,4,8,3,0,0,0
ENSG00000241990.5,ENSG00000241990,5,11,5,15,5,10
ENSG00000197182.12,MIRLET7BHG,73,122,80,55,50,46
ENSG00000231010.1,ENSG00000231010,10,12,9,2,1,5
ENSG00000235159.1,LINC02939,16,14,11,5,6,8
ENSG00000266533.1,MIR3619,0,2,1,4,1,1
ENSG00000198986.2,ENSG00000198986,0,0,0,0,0,0
ENSG00000264147.1,ENSG00000264147,0,0,0,0,0,0
ENSG00000207875.1,ENSG00000207875,0,0,0,0,0,0
ENSG00000186951.16,PPARA,72,101,83,191,143,137
ENSG00000280384.1,ENSG00000280384,0,1,1,3,4,4
ENSG00000205643.10,CDPF1,15,11,11,26,11,19
ENSG00000130943.6,PKDREJ,6,6,7,8,12,8
ENSG00000075234.16,TTC38,28,28,19,88,69,82
ENSG00000277232.2,GTSE1-DT,2,2,3,1,2,3
ENSG00000075218.18,GTSE1,2,2,1,141,109,117
ENSG00000100416.12,TRMU,63,77,74,189,109,141
ENSG00000075275.16,CELSR1,0,6,4,245,135,192
ENSG00000230634.1,FAM136EP,0,0,0,0,0,0
ENSG00000234869.1,LINC02925,0,0,0,0,9,1
ENSG00000075240.16,GRAMD4,96,104,75,155,95,134
ENSG00000100422.13,CERK,207,248,268,294,183,241
ENSG00000260708.1,TBC1D22A-DT,2,6,12,14,13,15
ENSG00000054611.13,TBC1D22A,37,49,44,78,50,73
ENSG00000280080.1,TBC1D22A-AS1,1,1,2,1,4,2
ENSG00000278881.1,ENSG00000278881,1,4,3,2,1,3
ENSG00000280312.1,ENSG00000280312,1,1,0,1,3,0
ENSG00000224715.1,ENSG00000224715,0,1,0,0,2,0
ENSG00000218357.3,LINC01644,0,0,0,0,1,0
ENSG00000205634.6,LINC00898,5,5,1,5,3,1
ENSG00000224271.5,EPIC1,7,8,8,25,25,17
ENSG00000232897.2,ENSG00000232897,1,0,1,0,2,1
ENSG00000230345.1,ENSG00000230345,1,0,0,2,3,0
ENSG00000279712.1,ENSG00000279712,4,3,3,7,12,14
ENSG00000235154.1,ENSG00000235154,0,0,0,0,0,0
ENSG00000278890.1,ENSG00000278890,0,0,0,0,2,0
ENSG00000238192.1,ENSG00000238192,0,0,0,0,1,0
ENSG00000229275.1,ENSG00000229275,0,0,0,0,0,0
ENSG00000266508.1,MIR3201,0,0,0,0,0,0
ENSG00000233179.1,ENSG00000233179,0,0,0,0,0,0
ENSG00000219438.8,TAFA5,139,161,151,18,16,14
ENSG00000281732.1,ENSG00000281732,16,15,16,0,1,1
ENSG00000266887.1,MIR4535,0,0,0,0,1,0
ENSG00000251912.1,ENSG00000251912,0,0,0,0,0,1
ENSG00000205632.2,LINC01310,5,7,5,0,9,1
ENSG00000226142.2,RPL35P8,0,0,0,0,1,0
ENSG00000280199.1,ENSG00000280199,0,0,0,0,3,0
ENSG00000188511.12,MIR3667HG,2,4,2,33,23,22
ENSG00000280224.1,ENSG00000280224,0,0,0,0,2,3
ENSG00000279597.1,ENSG00000279597,0,0,0,0,1,5
ENSG00000264139.1,MIR3667,0,0,0,0,0,0
ENSG00000212939.2,ENSG00000212939,0,0,1,13,19,17
ENSG00000213279.2,ENSG00000213279,0,0,0,7,1,5
ENSG00000235111.1,ENSG00000235111,1,0,1,17,13,8
ENSG00000226954.1,ENSG00000226954,0,0,0,0,3,0
ENSG00000223142.1,RN7SKP252,0,0,0,0,0,0
ENSG00000214727.2,RPL5P35,0,0,0,0,1,0
ENSG00000100425.18,BRD1,90,112,103,184,119,156
ENSG00000279345.1,ENSG00000279345,3,2,8,5,8,3
ENSG00000236867.1,ENSG00000236867,2,3,1,3,2,3
ENSG00000260613.1,ENSG00000260613,1,2,1,0,2,0
ENSG00000229409.1,ENSG00000229409,0,1,0,0,0,1
ENSG00000277771.1,Metazoa_SRP,0,0,0,0,0,0
ENSG00000279494.1,ENSG00000279494,0,0,0,2,0,0
ENSG00000100426.6,ZBED4,51,67,77,196,153,156
ENSG00000280567.1,ENSG00000280567,0,0,0,0,0,0
ENSG00000182858.13,ALG12,20,28,36,49,25,30
ENSG00000273192.1,ENSG00000273192,0,0,0,1,0,0
ENSG00000184164.14,CRELD2,30,39,42,73,64,55
ENSG00000278869.1,ENSG00000278869,0,0,0,1,4,2
ENSG00000198355.4,PIM3,48,59,56,157,102,116
ENSG00000276753.1,MIR6821,0,0,0,0,0,0
ENSG00000188263.10,IL17REL,0,1,2,0,5,2
ENSG00000138892.11,TTLL8,0,0,0,0,0,1
ENSG00000100427.15,MLC1,297,323,308,13,11,12
ENSG00000073146.15,MOV10L1,8,7,7,0,6,0
ENSG00000280395.1,ENSG00000280395,1,0,0,0,1,0
ENSG00000073150.13,PANX2,58,70,73,8,7,7
ENSG00000170638.9,TRABD,27,37,33,101,73,84
ENSG00000273188.1,ENSG00000273188,2,7,3,4,5,3
ENSG00000273253.2,TRABD-AS1,9,12,5,2,0,2
ENSG00000073169.13,SELENOO,48,69,29,68,34,62
ENSG00000272836.1,ENSG00000272836,6,2,0,4,1,2
ENSG00000273137.1,SELENOO-AS1,2,2,2,3,2,2
ENSG00000128159.11,TUBGCP6,245,287,237,278,171,205
ENSG00000100429.17,HDAC10,3,9,10,6,9,4
ENSG00000188130.13,MAPK12,58,56,56,115,67,112
ENSG00000185386.14,MAPK11,62,94,78,23,23,28
ENSG00000196576.14,PLXNB2,237,295,248,473,284,373
ENSG00000205593.11,DENND6B,61,101,65,35,20,20
ENSG00000227484.1,ENSG00000227484,0,1,0,0,0,0
ENSG00000279182.1,ENSG00000279182,0,0,0,0,0,0
ENSG00000100239.15,PPP6R2,164,245,252,216,145,182
ENSG00000242463.3,ENSG00000242463,0,0,1,0,0,1
ENSG00000238604.1,ENSG00000238604,0,0,1,0,0,0
ENSG00000100241.20,SBF1,680,834,686,523,333,419
ENSG00000128165.8,ADM2,0,2,1,27,21,31
ENSG00000100253.12,MIOX,0,0,0,1,1,1
ENSG00000100258.17,LMF2,54,72,69,173,113,161
ENSG00000025770.18,NCAPH2,84,93,78,224,128,179
ENSG00000130489.12,ENSG00000130489,6,20,11,20,14,22
ENSG00000272821.1,ENSG00000272821,8,12,8,6,1,9
ENSG00000025708.12,TYMP,23,23,29,55,22,31
ENSG00000177989.13,CIMAP1B,9,11,6,11,12,11
ENSG00000272666.1,KLHDC7B-DT,0,1,0,0,1,0
ENSG00000273272.1,ENSG00000273272,0,0,0,0,0,0
ENSG00000226738.1,ENSG00000226738,0,0,0,5,1,0
ENSG00000130487.5,KLHDC7B,0,0,1,3,8,1
ENSG00000217442.3,SYCE3,0,0,1,0,0,0
ENSG00000205560.12,CPT1B,3,3,3,5,7,4
ENSG00000254413.8,CHKB-CPT1B,1,4,2,2,3,4
ENSG00000100288.19,CHKB,3,7,2,9,5,2
ENSG00000205559.3,CHKB-DT,5,1,3,0,1,1
ENSG00000272940.1,ENSG00000272940,0,1,4,1,2,1
ENSG00000008735.13,MAPK8IP2,407,548,483,13,17,9
ENSG00000100299.17,ARSA,50,54,63,59,47,53
ENSG00000212569.1,Y_RNA,0,0,0,0,0,0
ENSG00000251322.7,SHANK3,359,443,364,43,24,34
ENSG00000206841.1,RNU6-409P,0,0,0,0,0,0
ENSG00000225929.1,ENSG00000225929,0,2,1,0,1,0
ENSG00000100312.10,ACR,0,0,0,0,2,0
ENSG00000254499.1,ENSG00000254499,0,0,0,0,0,0
ENSG00000213683.4,SNRPA1P2,0,0,0,0,0,0
ENSG00000184319.15,RPL23AP82,43,61,55,32,23,34
ENSG00000079974.17,RABL2B,72,62,53,65,50,47
